band_id,source_name,source_file,source_pdf_page,start_hz,end_hz,start_mhz,end_mhz,band_label,national_allocation_or_service,expected_devices_or_systems,civil_use_code,reference_profile,temporary_normal_min_dbm,temporary_normal_max_dbm,temporary_peak_alarm_dbm,anomaly_delta_db_above_baseline,requires_site_baseline,manual_site_baseline_allowed,manual_fields_to_capture,confidence,notes
NMHH_000001,NMHH_7_2015_2_melleklet_HU,2melleklet_hu.pdf,4,0,8300,0.0,0.0083,8.3 kHz alatt,Nincs felosztva / passzív meteorológiai és SRD alkalmazások,"passzív meteorológiai, induktív, rádiómikrofon jellegű alkalmazások",E/PN,QUIET_PASSIVE,-130,-95,-85,10,TRUE,TRUE,"location_id, measurement_device, antenna, rbw_hz, vbw_hz, detector, start_time, end_time, measured_noise_floor_dbm, measured_max_peak_dbm, operator_note",TEMPORARY_ESTIMATE_NOT_NMHH_LIMIT,"Védett/passzív sáv: helyszíni baseline kötelező, erős jel gyanús."
NMHH_000002,NMHH_7_2015_2_melleklet_HU,2melleklet_hu.pdf,4,8300,9000,0.0083,0.009,8.3-9 kHz,METEOROLÓGIA,"passzív meteorológiai, induktív/SRD",P/PN,QUIET_PASSIVE,-130,-95,-85,10,TRUE,TRUE,"location_id, measurement_device, antenna, rbw_hz, vbw_hz, detector, start_time, end_time, measured_noise_floor_dbm, measured_max_peak_dbm, operator_note",TEMPORARY_ESTIMATE_NOT_NMHH_LIMIT,"Védett/passzív sáv: helyszíni baseline kötelező, erős jel gyanús."
NMHH_000003,NMHH_7_2015_2_melleklet_HU,2melleklet_hu.pdf,4,9000,14000,0.009,0.014,9-14 kHz,METEOROLÓGIA / RÁDIÓNAVIGÁCIÓ,"passzív meteorológia, rádiónavigáció, SRD",P/E/PN,AVIATION_NAV,-120,-55,-35,12,TRUE,TRUE,"location_id, measurement_device, antenna, rbw_hz, vbw_hz, detector, start_time, end_time, measured_noise_floor_dbm, measured_max_peak_dbm, operator_note",TEMPORARY_ESTIMATE_NOT_NMHH_LIMIT,Légi navigáció/kommunikáció: helyszín és antenna nagyon számít.
NMHH_000004,NMHH_7_2015_2_melleklet_HU,2melleklet_hu.pdf,4,14000,70000,0.014,0.07,14-70 kHz,ÁLLANDÓHELYŰ,"pont-pont, katonai állandóhelyű, SRD",E/PN,FIXED_MICROWAVE,-110,-40,-25,15,TRUE,TRUE,"location_id, measurement_device, antenna, rbw_hz, vbw_hz, detector, start_time, end_time, measured_noise_floor_dbm, measured_max_peak_dbm, operator_note",TEMPORARY_ESTIMATE_NOT_NMHH_LIMIT,Pont-pont/mikrohullámú rendszerek: irányított antennával helyszínfüggő.
NMHH_000005,NMHH_7_2015_2_melleklet_HU,2melleklet_hu.pdf,5,70000,148500,0.07,0.1485,70-148.5 kHz,ÁLLANDÓHELYŰ / RÁDIÓNAVIGÁCIÓ / AMATŐR részsáv,"rádió-irányadók, pont-pont, amatőrrádió részsáv",E/P/PN,AVIATION_NAV,-120,-55,-35,12,TRUE,TRUE,"location_id, measurement_device, antenna, rbw_hz, vbw_hz, detector, start_time, end_time, measured_noise_floor_dbm, measured_max_peak_dbm, operator_note",TEMPORARY_ESTIMATE_NOT_NMHH_LIMIT,Légi navigáció/kommunikáció: helyszín és antenna nagyon számít.
NMHH_000006,NMHH_7_2015_2_melleklet_HU,2melleklet_hu.pdf,7,148500,283500,0.1485,0.2835,148.5-283.5 kHz,MŰSORSZÓRÁS / LÉGI RÁDIÓNAVIGÁCIÓ,"HH analóg/digitális rádió-műsorszórás, NDB",P/E/PN,BROADCAST,-95,-30,-20,12,TRUE,TRUE,"location_id, measurement_device, antenna, rbw_hz, vbw_hz, detector, start_time, end_time, measured_noise_floor_dbm, measured_max_peak_dbm, operator_note",TEMPORARY_ESTIMATE_NOT_NMHH_LIMIT,"Műsorszóró sáv: erős vivők normálisak lehetnek, de helyszínfüggő."
NMHH_000007,NMHH_7_2015_2_melleklet_HU,2melleklet_hu.pdf,7,283500,526500,0.2835,0.5265,283.5-526.5 kHz,LÉGI RÁDIÓNAVIGÁCIÓ / TENGERI MOZGÓ,"NDB, NAVTEX/NAVDAT, RFID/SRD részek",E/PN,AVIATION_NAV,-120,-55,-35,12,TRUE,TRUE,"location_id, measurement_device, antenna, rbw_hz, vbw_hz, detector, start_time, end_time, measured_noise_floor_dbm, measured_max_peak_dbm, operator_note",TEMPORARY_ESTIMATE_NOT_NMHH_LIMIT,Légi navigáció/kommunikáció: helyszín és antenna nagyon számít.
NMHH_000008,NMHH_7_2015_2_melleklet_HU,2melleklet_hu.pdf,10,526500,1606500,0.5265,1.6065,526.5-1606.5 kHz,MŰSORSZÓRÁS,"KH analóg/digitális rádió-műsorszórás, SRD/RFID részek",P/PN,BROADCAST,-95,-30,-20,12,TRUE,TRUE,"location_id, measurement_device, antenna, rbw_hz, vbw_hz, detector, start_time, end_time, measured_noise_floor_dbm, measured_max_peak_dbm, operator_note",TEMPORARY_ESTIMATE_NOT_NMHH_LIMIT,"Műsorszóró sáv: erős vivők normálisak lehetnek, de helyszínfüggő."
NMHH_000009,NMHH_7_2015_2_melleklet_HU,2melleklet_hu.pdf,10,1606500,1800000,1.6065,1.8,1606.5-1800 kHz,ÁLLANDÓHELYŰ / FÖLDI MOZGÓ / LÉGI RÁDIÓNAVIGÁCIÓ,"katonai/földi mozgó, navigáció, SRD",N/PN,UNKNOWN_GENERAL,-120,-45,-30,15,TRUE,TRUE,"location_id, measurement_device, antenna, rbw_hz, vbw_hz, detector, start_time, end_time, measured_noise_floor_dbm, measured_max_peak_dbm, operator_note",TEMPORARY_ESTIMATE_NOT_NMHH_LIMIT,Általános ideiglenes profil; helyszíni baseline kell.
NMHH_000010,NMHH_7_2015_2_melleklet_HU,2melleklet_hu.pdf,11,1800000,2000000,1.8,2.0,1.8-2.0 MHz,AMATŐR / állandóhelyű és mozgó részek,"amatőrrádiózás, fix/mobil alkalmazások",P/N/PN,AMATEUR,-120,-45,-30,15,TRUE,TRUE,"location_id, measurement_device, antenna, rbw_hz, vbw_hz, detector, start_time, end_time, measured_noise_floor_dbm, measured_max_peak_dbm, operator_note",TEMPORARY_ESTIMATE_NOT_NMHH_LIMIT,"Amatőr sáv: időszakos adások, nem folyamatos jelleg."
NMHH_000011,NMHH_7_2015_2_melleklet_HU,2melleklet_hu.pdf,14,3500000,3800000,3.5,3.8,3.5-3.8 MHz,AMATŐR / egyéb HF szolgálatok,"amatőrrádiózás, HF kommunikáció",P/PN,AMATEUR,-120,-45,-30,15,TRUE,TRUE,"location_id, measurement_device, antenna, rbw_hz, vbw_hz, detector, start_time, end_time, measured_noise_floor_dbm, measured_max_peak_dbm, operator_note",TEMPORARY_ESTIMATE_NOT_NMHH_LIMIT,"Amatőr sáv: időszakos adások, nem folyamatos jelleg."
NMHH_000012,NMHH_7_2015_2_melleklet_HU,2melleklet_hu.pdf,18,7000000,7200000,7.0,7.2,7.0-7.2 MHz,AMATŐR / műsorszórás részek,"amatőrrádiózás, HF műsorszórás",P/PN,AMATEUR,-120,-45,-30,15,TRUE,TRUE,"location_id, measurement_device, antenna, rbw_hz, vbw_hz, detector, start_time, end_time, measured_noise_floor_dbm, measured_max_peak_dbm, operator_note",TEMPORARY_ESTIMATE_NOT_NMHH_LIMIT,"Amatőr sáv: időszakos adások, nem folyamatos jelleg."
NMHH_000013,NMHH_7_2015_2_melleklet_HU,2melleklet_hu.pdf,25,13553000,13567000,13.553,13.567,13.553-13.567 MHz,ISM / SRD,13.56 MHz RFID/NFC/induktív alkalmazások,PN,SRD_LOW_POWER,-115,-55,-40,12,TRUE,TRUE,"location_id, measurement_device, antenna, rbw_hz, vbw_hz, detector, start_time, end_time, measured_noise_floor_dbm, measured_max_peak_dbm, operator_note",TEMPORARY_ESTIMATE_NOT_NMHH_LIMIT,Különösen hasznos TSCM baseline-ban: RFID/NFC környezet. SRD/ kis teljesítményű eszközök: időszakos rövid jelek várhatók.
NMHH_000014,NMHH_7_2015_2_melleklet_HU,2melleklet_hu.pdf,26,14000000,14350000,14.0,14.35,14.0-14.35 MHz,AMATŐR,amatőrrádiózás,P,AMATEUR,-120,-45,-30,15,TRUE,TRUE,"location_id, measurement_device, antenna, rbw_hz, vbw_hz, detector, start_time, end_time, measured_noise_floor_dbm, measured_max_peak_dbm, operator_note",TEMPORARY_ESTIMATE_NOT_NMHH_LIMIT,"Amatőr sáv: időszakos adások, nem folyamatos jelleg."
NMHH_000015,NMHH_7_2015_2_melleklet_HU,2melleklet_hu.pdf,33,26960000,27410000,26.96,27.41,26.96-27.41 MHz,CB/SRD/ISM jellegű használatok,"CB rádió, modellirányítás, SRD, ipari/zajos környezet",PN/P,SRD_LOW_POWER,-115,-55,-40,12,TRUE,TRUE,"location_id, measurement_device, antenna, rbw_hz, vbw_hz, detector, start_time, end_time, measured_noise_floor_dbm, measured_max_peak_dbm, operator_note",TEMPORARY_ESTIMATE_NOT_NMHH_LIMIT,SRD/ kis teljesítményű eszközök: időszakos rövid jelek várhatók.
NMHH_000016,NMHH_7_2015_2_melleklet_HU,2melleklet_hu.pdf,34,28000000,29700000,28.0,29.7,28.0-29.7 MHz,AMATŐR,amatőrrádiózás,P,AMATEUR,-120,-45,-30,15,TRUE,TRUE,"location_id, measurement_device, antenna, rbw_hz, vbw_hz, detector, start_time, end_time, measured_noise_floor_dbm, measured_max_peak_dbm, operator_note",TEMPORARY_ESTIMATE_NOT_NMHH_LIMIT,"Amatőr sáv: időszakos adások, nem folyamatos jelleg."
NMHH_000017,NMHH_7_2015_2_melleklet_HU,2melleklet_hu.pdf,39,47000000,68000000,47.0,68.0,47-68 MHz,MŰSORSZÓRÁS / egyéb VHF szolgálatok,"régi/regionális TV/FM jellegű felhasználások, vezeték nélküli eszközök",P/PN,BROADCAST,-95,-30,-20,12,TRUE,TRUE,"location_id, measurement_device, antenna, rbw_hz, vbw_hz, detector, start_time, end_time, measured_noise_floor_dbm, measured_max_peak_dbm, operator_note",TEMPORARY_ESTIMATE_NOT_NMHH_LIMIT,"Műsorszóró sáv: erős vivők normálisak lehetnek, de helyszínfüggő."
NMHH_000018,NMHH_7_2015_2_melleklet_HU,2melleklet_hu.pdf,44,87500000,108000000,87.5,108.0,87.5-108 MHz,MŰSORSZÓRÁS,FM rádió-műsorszórás,P,BROADCAST,-95,-30,-20,12,TRUE,TRUE,"location_id, measurement_device, antenna, rbw_hz, vbw_hz, detector, start_time, end_time, measured_noise_floor_dbm, measured_max_peak_dbm, operator_note",TEMPORARY_ESTIMATE_NOT_NMHH_LIMIT,"Erős vivők normálisak lehetnek. Műsorszóró sáv: erős vivők normálisak lehetnek, de helyszínfüggő."
NMHH_000019,NMHH_7_2015_2_melleklet_HU,2melleklet_hu.pdf,45,108000000,117975000,108.0,117.975,108-117.975 MHz,LÉGI RÁDIÓNAVIGÁCIÓ,ILS/VOR légi navigáció,E,AVIATION_NAV,-120,-55,-35,12,TRUE,TRUE,"location_id, measurement_device, antenna, rbw_hz, vbw_hz, detector, start_time, end_time, measured_noise_floor_dbm, measured_max_peak_dbm, operator_note",TEMPORARY_ESTIMATE_NOT_NMHH_LIMIT,Légi navigáció/kommunikáció: helyszín és antenna nagyon számít.
NMHH_000020,NMHH_7_2015_2_melleklet_HU,2melleklet_hu.pdf,46,117975000,137000000,117.975,137.0,117.975-137 MHz,LÉGI MOZGÓ,repülési VHF kommunikáció,E,AVIATION_NAV,-120,-55,-35,12,TRUE,TRUE,"location_id, measurement_device, antenna, rbw_hz, vbw_hz, detector, start_time, end_time, measured_noise_floor_dbm, measured_max_peak_dbm, operator_note",TEMPORARY_ESTIMATE_NOT_NMHH_LIMIT,Légi navigáció/kommunikáció: helyszín és antenna nagyon számít.
NMHH_000021,NMHH_7_2015_2_melleklet_HU,2melleklet_hu.pdf,51,137000000,138000000,137.0,138.0,137-138 MHz,ŰRBELI ÜZEMELTETÉS / MŰHOLDAS METEOROLÓGIA / MŰHOLDAS MOZGÓ,"műholdas meteorológia, NGSO S-PCS, űrkutatás",P/E/PN,SATELLITE,-125,-55,-40,15,TRUE,TRUE,"location_id, measurement_device, antenna, rbw_hz, vbw_hz, detector, start_time, end_time, measured_noise_floor_dbm, measured_max_peak_dbm, operator_note",TEMPORARY_ESTIMATE_NOT_NMHH_LIMIT,Műholdas sáv: kültéri/irányított antennával értelmezhető jól.
NMHH_000022,NMHH_7_2015_2_melleklet_HU,2melleklet_hu.pdf,53,144000000,146000000,144.0,146.0,144-146 MHz,AMATŐR,2 m amatőrrádiózás,P,AMATEUR,-120,-45,-30,15,TRUE,TRUE,"location_id, measurement_device, antenna, rbw_hz, vbw_hz, detector, start_time, end_time, measured_noise_floor_dbm, measured_max_peak_dbm, operator_note",TEMPORARY_ESTIMATE_NOT_NMHH_LIMIT,"Amatőr sáv: időszakos adások, nem folyamatos jelleg."
NMHH_000023,NMHH_7_2015_2_melleklet_HU,2melleklet_hu.pdf,55,146000000,174000000,146.0,174.0,146-174 MHz,ÁLLANDÓHELYŰ / MOZGÓ / SRD,"PMR/üzemi rádió, vezeték nélküli mikrofonok, telemetria",P/N/PN,UNKNOWN_GENERAL,-120,-45,-30,15,TRUE,TRUE,"location_id, measurement_device, antenna, rbw_hz, vbw_hz, detector, start_time, end_time, measured_noise_floor_dbm, measured_max_peak_dbm, operator_note",TEMPORARY_ESTIMATE_NOT_NMHH_LIMIT,Általános ideiglenes profil; helyszíni baseline kell.
NMHH_000024,NMHH_7_2015_2_melleklet_HU,2melleklet_hu.pdf,58,174000000,230000000,174.0,230.0,174-230 MHz,MŰSORSZÓRÁS,"DAB/DAB+, földfelszíni digitális rádió, PMSE részek",P/PN,BROADCAST,-95,-30,-20,12,TRUE,TRUE,"location_id, measurement_device, antenna, rbw_hz, vbw_hz, detector, start_time, end_time, measured_noise_floor_dbm, measured_max_peak_dbm, operator_note",TEMPORARY_ESTIMATE_NOT_NMHH_LIMIT,"Műsorszóró sáv: erős vivők normálisak lehetnek, de helyszínfüggő."
NMHH_000025,NMHH_7_2015_2_melleklet_HU,2melleklet_hu.pdf,61,230000000,380000000,230.0,380.0,230-380 MHz,ÁLLANDÓHELYŰ / MOZGÓ / katonai rendszerek,"fix/mobil rádiórendszerek, katonai célú részek",E/N/PN,UNKNOWN_GENERAL,-120,-45,-30,15,TRUE,TRUE,"location_id, measurement_device, antenna, rbw_hz, vbw_hz, detector, start_time, end_time, measured_noise_floor_dbm, measured_max_peak_dbm, operator_note",TEMPORARY_ESTIMATE_NOT_NMHH_LIMIT,Általános ideiglenes profil; helyszíni baseline kell.
NMHH_000026,NMHH_7_2015_2_melleklet_HU,2melleklet_hu.pdf,67,380000000,395000000,380.0,395.0,380-395 MHz,MOZGÓ / PPDR,EDR/TETRA/PPDR jellegű rendszerek,N/E,PUBLIC_SAFETY,-110,-35,-25,12,TRUE,TRUE,"location_id, measurement_device, antenna, rbw_hz, vbw_hz, detector, start_time, end_time, measured_noise_floor_dbm, measured_max_peak_dbm, operator_note",TEMPORARY_ESTIMATE_NOT_NMHH_LIMIT,EDR/PPDR/TETRA jellegű használat: helyszíni policy szerint kezeld.
NMHH_000027,NMHH_7_2015_2_melleklet_HU,2melleklet_hu.pdf,70,400000000,470000000,400.0,470.0,400-470 MHz,ÁLLANDÓHELYŰ / MOZGÓ / RÁDIÓLOKÁCIÓ részek,"PMR, üzemi rádiók, TETRA/DMR, SRD, telemetria",P/N/PN,UNKNOWN_GENERAL,-120,-45,-30,15,TRUE,TRUE,"location_id, measurement_device, antenna, rbw_hz, vbw_hz, detector, start_time, end_time, measured_noise_floor_dbm, measured_max_peak_dbm, operator_note",TEMPORARY_ESTIMATE_NOT_NMHH_LIMIT,Általános ideiglenes profil; helyszíni baseline kell.
NMHH_000028,NMHH_7_2015_2_melleklet_HU,2melleklet_hu.pdf,72,433050000,434790000,433.05,434.79,433.05-434.79 MHz,SRD/ISM részsáv,"távirányítók, szenzorok, riasztók, LoRa/FSK jellegű eszközök",PN,SRD_LOW_POWER,-115,-55,-40,12,TRUE,TRUE,"location_id, measurement_device, antenna, rbw_hz, vbw_hz, detector, start_time, end_time, measured_noise_floor_dbm, measured_max_peak_dbm, operator_note",TEMPORARY_ESTIMATE_NOT_NMHH_LIMIT,SRD/ kis teljesítményű eszközök: időszakos rövid jelek várhatók.
NMHH_000029,NMHH_7_2015_2_melleklet_HU,2melleklet_hu.pdf,76,470000000,694000000,470.0,694.0,470-694 MHz,MŰSORSZÓRÁS,"DVB-T/T2, PMSE/vezeték nélküli mikrofon részek",P/PN,BROADCAST,-95,-30,-20,12,TRUE,TRUE,"location_id, measurement_device, antenna, rbw_hz, vbw_hz, detector, start_time, end_time, measured_noise_floor_dbm, measured_max_peak_dbm, operator_note",TEMPORARY_ESTIMATE_NOT_NMHH_LIMIT,"Műsorszóró sáv: erős vivők normálisak lehetnek, de helyszínfüggő."
NMHH_000030,NMHH_7_2015_2_melleklet_HU,2melleklet_hu.pdf,78,694000000,790000000,694.0,790.0,694-790 MHz,ÁLLANDÓHELYŰ / MOZGÓ,"700 MHz IMT/LTE/NR, PPDR/EDR részsávok",P/N/PN,MOBILE_DOWNLINK,-105,-35,-25,12,TRUE,TRUE,"location_id, measurement_device, antenna, rbw_hz, vbw_hz, detector, start_time, end_time, measured_noise_floor_dbm, measured_max_peak_dbm, operator_note",TEMPORARY_ESTIMATE_NOT_NMHH_LIMIT,PDF snippet szerint elektronikus hírközlési földfelszíni rendszerek és PPDR részek. Mobil downlink: cella közelében erős jel is normális lehet.
NMHH_000031,NMHH_7_2015_2_melleklet_HU,2melleklet_hu.pdf,79,790000000,862000000,790.0,862.0,790-862 MHz,ÁLLANDÓHELYŰ / MOZGÓ,"800 MHz IMT/UMTS/LTE/NB-IoT/NR, PPDR részek",P/N/PN,MOBILE_DOWNLINK,-105,-35,-25,12,TRUE,TRUE,"location_id, measurement_device, antenna, rbw_hz, vbw_hz, detector, start_time, end_time, measured_noise_floor_dbm, measured_max_peak_dbm, operator_note",TEMPORARY_ESTIMATE_NOT_NMHH_LIMIT,PDF snippet szerint IMT/UMTS/LTE/LTE-MTC/LTE-eMTC/NB-IoT/NR. Mobil downlink: cella közelében erős jel is normális lehet.
NMHH_000032,NMHH_7_2015_2_melleklet_HU,2melleklet_hu.pdf,80,862000000,870000000,862.0,870.0,862-870 MHz,SRD,"868 MHz SRD, riasztók, LoRa/IoT, telemetria",PN,SRD_LOW_POWER,-115,-55,-40,12,TRUE,TRUE,"location_id, measurement_device, antenna, rbw_hz, vbw_hz, detector, start_time, end_time, measured_noise_floor_dbm, measured_max_peak_dbm, operator_note",TEMPORARY_ESTIMATE_NOT_NMHH_LIMIT,SRD/ kis teljesítményű eszközök: időszakos rövid jelek várhatók.
NMHH_000033,NMHH_7_2015_2_melleklet_HU,2melleklet_hu.pdf,81,870000000,876000000,870.0,876.0,870-876 MHz,MOZGÓ / IoT / PPDR jellegű részek,keskenysávú M2M/PMR/vasúti vagy speciális felhasználások,P/N/PN,UNKNOWN_GENERAL,-120,-45,-30,15,TRUE,TRUE,"location_id, measurement_device, antenna, rbw_hz, vbw_hz, detector, start_time, end_time, measured_noise_floor_dbm, measured_max_peak_dbm, operator_note",TEMPORARY_ESTIMATE_NOT_NMHH_LIMIT,Általános ideiglenes profil; helyszíni baseline kell.
NMHH_000034,NMHH_7_2015_2_melleklet_HU,2melleklet_hu.pdf,82,876000000,915000000,876.0,915.0,876-915 MHz,MOZGÓ,"GSM-R/GSM 900 uplink, mobil végberendezések",P/N/PN,MOBILE_UPLINK,-115,-45,-30,15,TRUE,TRUE,"location_id, measurement_device, antenna, rbw_hz, vbw_hz, detector, start_time, end_time, measured_noise_floor_dbm, measured_max_peak_dbm, operator_note",TEMPORARY_ESTIMATE_NOT_NMHH_LIMIT,Mobil uplink: csak aktív végberendezés mellett jelentkezik erősen.
NMHH_000035,NMHH_7_2015_2_melleklet_HU,2melleklet_hu.pdf,83,925000000,960000000,925.0,960.0,925-960 MHz,MOZGÓ,GSM 900 downlink / IMT részek,P,MOBILE_DOWNLINK,-105,-35,-25,12,TRUE,TRUE,"location_id, measurement_device, antenna, rbw_hz, vbw_hz, detector, start_time, end_time, measured_noise_floor_dbm, measured_max_peak_dbm, operator_note",TEMPORARY_ESTIMATE_NOT_NMHH_LIMIT,Mobil downlink: cella közelében erős jel is normális lehet.
NMHH_000036,NMHH_7_2015_2_melleklet_HU,2melleklet_hu.pdf,85,960000000,1215000000,960.0,1215.0,960-1215 MHz,LÉGI RÁDIÓNAVIGÁCIÓ / RNSS részek,"DME/TACAN/SSR/ADS-B környezet, légi navigáció",E/N,AVIATION_NAV,-120,-55,-35,12,TRUE,TRUE,"location_id, measurement_device, antenna, rbw_hz, vbw_hz, detector, start_time, end_time, measured_noise_floor_dbm, measured_max_peak_dbm, operator_note",TEMPORARY_ESTIMATE_NOT_NMHH_LIMIT,Légi navigáció/kommunikáció: helyszín és antenna nagyon számít.
NMHH_000037,NMHH_7_2015_2_melleklet_HU,2melleklet_hu.pdf,88,1215000000,1350000000,1215.0,1350.0,1215-1350 MHz,RÁDIÓLOKÁCIÓ / RÁDIÓNAVIGÁCIÓ,"radar, katonai/légi navigációs rendszerek",E/N,RADAR,-115,-35,-20,15,TRUE,TRUE,"location_id, measurement_device, antenna, rbw_hz, vbw_hz, detector, start_time, end_time, measured_noise_floor_dbm, measured_max_peak_dbm, operator_note",TEMPORARY_ESTIMATE_NOT_NMHH_LIMIT,"Radar/rádiólokáció: impulzusos jelek, max peak fontosabb mint átlag."
NMHH_000038,NMHH_7_2015_2_melleklet_HU,2melleklet_hu.pdf,91,1427000000,1518000000,1427.0,1518.0,1427-1518 MHz,MOZGÓ / állandóhelyű részek,"SDL/mobil szélessáv, telemetria részek",P/N,MOBILE_DOWNLINK,-105,-35,-25,12,TRUE,TRUE,"location_id, measurement_device, antenna, rbw_hz, vbw_hz, detector, start_time, end_time, measured_noise_floor_dbm, measured_max_peak_dbm, operator_note",TEMPORARY_ESTIMATE_NOT_NMHH_LIMIT,Mobil downlink: cella közelében erős jel is normális lehet.
NMHH_000039,NMHH_7_2015_2_melleklet_HU,2melleklet_hu.pdf,93,1525000000,1559000000,1525.0,1559.0,1525-1559 MHz,MŰHOLDAS MOZGÓ,műholdas mozgószolgálat,P/E,SATELLITE,-125,-55,-40,15,TRUE,TRUE,"location_id, measurement_device, antenna, rbw_hz, vbw_hz, detector, start_time, end_time, measured_noise_floor_dbm, measured_max_peak_dbm, operator_note",TEMPORARY_ESTIMATE_NOT_NMHH_LIMIT,Műholdas sáv: kültéri/irányított antennával értelmezhető jól.
NMHH_000040,NMHH_7_2015_2_melleklet_HU,2melleklet_hu.pdf,94,1559000000,1610000000,1559.0,1610.0,1559-1610 MHz,RÁDIÓNAVIGÁCIÓ-MŰHOLDAS,GNSS/GPS/Galileo/GLONASS/BeiDou L-sáv,E/P,SATELLITE,-125,-55,-40,15,TRUE,TRUE,"location_id, measurement_device, antenna, rbw_hz, vbw_hz, detector, start_time, end_time, measured_noise_floor_dbm, measured_max_peak_dbm, operator_note",TEMPORARY_ESTIMATE_NOT_NMHH_LIMIT,Műholdas sáv: kültéri/irányított antennával értelmezhető jól.
NMHH_000041,NMHH_7_2015_2_melleklet_HU,2melleklet_hu.pdf,96,1690000000,1710000000,1690.0,1710.0,1690-1710 MHz,METEOROLÓGIA / MŰHOLDAS METEOROLÓGIA,"meteorológiai és műholdas rendszerek, passzív kutatás",E/P/PN,SATELLITE,-125,-55,-40,15,TRUE,TRUE,"location_id, measurement_device, antenna, rbw_hz, vbw_hz, detector, start_time, end_time, measured_noise_floor_dbm, measured_max_peak_dbm, operator_note",TEMPORARY_ESTIMATE_NOT_NMHH_LIMIT,Műholdas sáv: kültéri/irányított antennával értelmezhető jól.
NMHH_000042,NMHH_7_2015_2_melleklet_HU,2melleklet_hu.pdf,97,1710000000,1785000000,1710.0,1785.0,1710-1785 MHz,MOZGÓ,GSM/LTE/NR 1800 uplink,P,MOBILE_UPLINK,-115,-45,-30,15,TRUE,TRUE,"location_id, measurement_device, antenna, rbw_hz, vbw_hz, detector, start_time, end_time, measured_noise_floor_dbm, measured_max_peak_dbm, operator_note",TEMPORARY_ESTIMATE_NOT_NMHH_LIMIT,Mobil uplink: csak aktív végberendezés mellett jelentkezik erősen.
NMHH_000043,NMHH_7_2015_2_melleklet_HU,2melleklet_hu.pdf,98,1805000000,1880000000,1805.0,1880.0,1805-1880 MHz,MOZGÓ,GSM/LTE/NR 1800 downlink,P,MOBILE_DOWNLINK,-105,-35,-25,12,TRUE,TRUE,"location_id, measurement_device, antenna, rbw_hz, vbw_hz, detector, start_time, end_time, measured_noise_floor_dbm, measured_max_peak_dbm, operator_note",TEMPORARY_ESTIMATE_NOT_NMHH_LIMIT,Mobil downlink: cella közelében erős jel is normális lehet.
NMHH_000044,NMHH_7_2015_2_melleklet_HU,2melleklet_hu.pdf,100,1880000000,1900000000,1880.0,1900.0,1880-1900 MHz,MOZGÓ,DECT / vezeték nélküli telefon és helyi rendszerek,P/PN,SRD_LOW_POWER,-115,-55,-40,12,TRUE,TRUE,"location_id, measurement_device, antenna, rbw_hz, vbw_hz, detector, start_time, end_time, measured_noise_floor_dbm, measured_max_peak_dbm, operator_note",TEMPORARY_ESTIMATE_NOT_NMHH_LIMIT,SRD/ kis teljesítményű eszközök: időszakos rövid jelek várhatók.
NMHH_000045,NMHH_7_2015_2_melleklet_HU,2melleklet_hu.pdf,101,1900000000,1980000000,1900.0,1980.0,1900-1980 MHz,ÁLLANDÓHELYŰ / MOZGÓ,"UMTS/LTE/LTE-MTC/LTE-eMTC/NB-IoT/NR uplink, RMR/MCA részek",P,MOBILE_UPLINK,-115,-45,-30,15,TRUE,TRUE,"location_id, measurement_device, antenna, rbw_hz, vbw_hz, detector, start_time, end_time, measured_noise_floor_dbm, measured_max_peak_dbm, operator_note",TEMPORARY_ESTIMATE_NOT_NMHH_LIMIT,PDF snippet szerint 1920-1980/2110-2170 MHz földfelszíni IMT/UMTS/LTE/NR rendszerek. Mobil uplink: csak aktív végberendezés mellett jelentkezik erősen.
NMHH_000046,NMHH_7_2015_2_melleklet_HU,2melleklet_hu.pdf,101,1980000000,2010000000,1980.0,2010.0,1980-2010 MHz,MŰHOLDAS MOZGÓ,2 GHz-es MSS Föld-űr irány,P,SATELLITE,-125,-55,-40,15,TRUE,TRUE,"location_id, measurement_device, antenna, rbw_hz, vbw_hz, detector, start_time, end_time, measured_noise_floor_dbm, measured_max_peak_dbm, operator_note",TEMPORARY_ESTIMATE_NOT_NMHH_LIMIT,Műholdas sáv: kültéri/irányított antennával értelmezhető jól.
NMHH_000047,NMHH_7_2015_2_melleklet_HU,2melleklet_hu.pdf,102,2010000000,2025000000,2010.0,2025.0,2010-2025 MHz,MOZGÓ / egyéb harmonizált rendszerek,"IMT/TDD vagy speciális rendszerek, helyszínfüggő",P/N,MOBILE_DOWNLINK,-105,-35,-25,12,TRUE,TRUE,"location_id, measurement_device, antenna, rbw_hz, vbw_hz, detector, start_time, end_time, measured_noise_floor_dbm, measured_max_peak_dbm, operator_note",TEMPORARY_ESTIMATE_NOT_NMHH_LIMIT,Mobil downlink: cella közelében erős jel is normális lehet.
NMHH_000048,NMHH_7_2015_2_melleklet_HU,2melleklet_hu.pdf,103,2025000000,2110000000,2025.0,2110.0,2025-2110 MHz,ŰRKUTATÁS / MŰHOLDAS FÖLD-KUTATÁS / ÁLLANDÓHELYŰ,"űrkutatás, műholdas Föld-kutatás, fix rendszerek",E/P/N,SATELLITE,-125,-55,-40,15,TRUE,TRUE,"location_id, measurement_device, antenna, rbw_hz, vbw_hz, detector, start_time, end_time, measured_noise_floor_dbm, measured_max_peak_dbm, operator_note",TEMPORARY_ESTIMATE_NOT_NMHH_LIMIT,Műholdas sáv: kültéri/irányított antennával értelmezhető jól.
NMHH_000049,NMHH_7_2015_2_melleklet_HU,2melleklet_hu.pdf,104,2110000000,2170000000,2110.0,2170.0,2110-2170 MHz,ÁLLANDÓHELYŰ / MOZGÓ,UMTS/LTE/NR 2100 downlink,P,MOBILE_DOWNLINK,-105,-35,-25,12,TRUE,TRUE,"location_id, measurement_device, antenna, rbw_hz, vbw_hz, detector, start_time, end_time, measured_noise_floor_dbm, measured_max_peak_dbm, operator_note",TEMPORARY_ESTIMATE_NOT_NMHH_LIMIT,A 1900-1980 MHz sorhoz kapcsolódó párosított IMT sáv. Mobil downlink: cella közelében erős jel is normális lehet.
NMHH_000050,NMHH_7_2015_2_melleklet_HU,2melleklet_hu.pdf,108,2300000000,2400000000,2300.0,2400.0,2300-2400 MHz,MOZGÓ / ÁLLANDÓHELYŰ / RÁDIÓLOKÁCIÓ részek,"2.3 GHz mobil/IMT/TDD, radar/fix részek",P/N,MOBILE_DOWNLINK,-105,-35,-25,12,TRUE,TRUE,"location_id, measurement_device, antenna, rbw_hz, vbw_hz, detector, start_time, end_time, measured_noise_floor_dbm, measured_max_peak_dbm, operator_note",TEMPORARY_ESTIMATE_NOT_NMHH_LIMIT,Mobil downlink: cella közelében erős jel is normális lehet.
NMHH_000051,NMHH_7_2015_2_melleklet_HU,2melleklet_hu.pdf,109,2400000000,2483500000,2400.0,2483.5,2400-2483.5 MHz,ISM / SRD / RLAN,"Wi-Fi 2.4 GHz, Bluetooth, Zigbee, mikrohullámú ISM",PN/P,RLAN_ISM,-100,-25,-15,12,TRUE,TRUE,"location_id, measurement_device, antenna, rbw_hz, vbw_hz, detector, start_time, end_time, measured_noise_floor_dbm, measured_max_peak_dbm, operator_note",TEMPORARY_ESTIMATE_NOT_NMHH_LIMIT,Kiemelten hasznos belső hálós referencia sáv. RLAN/ISM: Wi-Fi/Bluetooth/egyéb rövid hatótávú eszközök miatt zajos lehet.
NMHH_000052,NMHH_7_2015_2_melleklet_HU,2melleklet_hu.pdf,110,2483500000,2500000000,2483.5,2500.0,2483.5-2500 MHz,MŰHOLDAS / RÁDIÓMEGHATÁROZÁS részek,"MSS/RDSS jellegű rendszerek, nem RLAN sáv",P/E/PN,SATELLITE,-125,-55,-40,15,TRUE,TRUE,"location_id, measurement_device, antenna, rbw_hz, vbw_hz, detector, start_time, end_time, measured_noise_floor_dbm, measured_max_peak_dbm, operator_note",TEMPORARY_ESTIMATE_NOT_NMHH_LIMIT,Műholdas sáv: kültéri/irányított antennával értelmezhető jól.
NMHH_000053,NMHH_7_2015_2_melleklet_HU,2melleklet_hu.pdf,111,2500000000,2690000000,2500.0,2690.0,2500-2690 MHz,MOZGÓ,"LTE/NR/IMT 2600, TDD/FDD mobil rendszerek",P,MOBILE_DOWNLINK,-105,-35,-25,12,TRUE,TRUE,"location_id, measurement_device, antenna, rbw_hz, vbw_hz, detector, start_time, end_time, measured_noise_floor_dbm, measured_max_peak_dbm, operator_note",TEMPORARY_ESTIMATE_NOT_NMHH_LIMIT,Mobil downlink: cella közelében erős jel is normális lehet.
NMHH_000054,NMHH_7_2015_2_melleklet_HU,2melleklet_hu.pdf,112,2690000000,2700000000,2690.0,2700.0,2690-2700 MHz,MŰHOLDAS FÖLD-KUTATÁS / RÁDIÓCSILLAGÁSZAT,passzív műholdas és rádiócsillagászati védelem,P,QUIET_PASSIVE,-130,-95,-85,10,TRUE,TRUE,"location_id, measurement_device, antenna, rbw_hz, vbw_hz, detector, start_time, end_time, measured_noise_floor_dbm, measured_max_peak_dbm, operator_note",TEMPORARY_ESTIMATE_NOT_NMHH_LIMIT,"Védett/passzív sáv: helyszíni baseline kötelező, erős jel gyanús."
NMHH_000055,NMHH_7_2015_2_melleklet_HU,2melleklet_hu.pdf,113,2700000000,3100000000,2700.0,3100.0,2700-3100 MHz,RÁDIÓLOKÁCIÓ / RÁDIÓNAVIGÁCIÓ,"radar, légi/navigációs rádiólokáció",E/N,RADAR,-115,-35,-20,15,TRUE,TRUE,"location_id, measurement_device, antenna, rbw_hz, vbw_hz, detector, start_time, end_time, measured_noise_floor_dbm, measured_max_peak_dbm, operator_note",TEMPORARY_ESTIMATE_NOT_NMHH_LIMIT,"Radar/rádiólokáció: impulzusos jelek, max peak fontosabb mint átlag."
NMHH_000056,NMHH_7_2015_2_melleklet_HU,2melleklet_hu.pdf,116,3100000000,3400000000,3100.0,3400.0,3100-3400 MHz,RÁDIÓLOKÁCIÓ / ÁLLANDÓHELYŰ részek,"radar, fix/mobil katonai részek",E/N,RADAR,-115,-35,-20,15,TRUE,TRUE,"location_id, measurement_device, antenna, rbw_hz, vbw_hz, detector, start_time, end_time, measured_noise_floor_dbm, measured_max_peak_dbm, operator_note",TEMPORARY_ESTIMATE_NOT_NMHH_LIMIT,"Radar/rádiólokáció: impulzusos jelek, max peak fontosabb mint átlag."
NMHH_000057,NMHH_7_2015_2_melleklet_HU,2melleklet_hu.pdf,118,3400000000,3800000000,3400.0,3800.0,3400-3800 MHz,ÁLLANDÓHELYŰ / MOZGÓ,"5G NR / IMT 3.5 GHz, szélessávú rendszerek",P,MOBILE_DOWNLINK,-105,-35,-25,12,TRUE,TRUE,"location_id, measurement_device, antenna, rbw_hz, vbw_hz, detector, start_time, end_time, measured_noise_floor_dbm, measured_max_peak_dbm, operator_note",TEMPORARY_ESTIMATE_NOT_NMHH_LIMIT,Mobil downlink: cella közelében erős jel is normális lehet.
NMHH_000058,NMHH_7_2015_2_melleklet_HU,2melleklet_hu.pdf,120,3800000000,4200000000,3800.0,4200.0,3800-4200 MHz,ÁLLANDÓHELYŰ / MŰHOLDAS ÁLLANDÓHELYŰ,"fix rendszerek, műholdas downlink részek",P/E/N,SATELLITE,-125,-55,-40,15,TRUE,TRUE,"location_id, measurement_device, antenna, rbw_hz, vbw_hz, detector, start_time, end_time, measured_noise_floor_dbm, measured_max_peak_dbm, operator_note",TEMPORARY_ESTIMATE_NOT_NMHH_LIMIT,Műholdas sáv: kültéri/irányított antennával értelmezhető jól.
NMHH_000059,NMHH_7_2015_2_melleklet_HU,2melleklet_hu.pdf,122,4200000000,4400000000,4200.0,4400.0,4200-4400 MHz,LÉGI RÁDIÓNAVIGÁCIÓ,rádiómagasságmérő / légi navigációs rendszerek,E,AVIATION_NAV,-120,-55,-35,12,TRUE,TRUE,"location_id, measurement_device, antenna, rbw_hz, vbw_hz, detector, start_time, end_time, measured_noise_floor_dbm, measured_max_peak_dbm, operator_note",TEMPORARY_ESTIMATE_NOT_NMHH_LIMIT,Légi navigáció/kommunikáció: helyszín és antenna nagyon számít.
NMHH_000060,NMHH_7_2015_2_melleklet_HU,2melleklet_hu.pdf,124,4400000000,5000000000,4400.0,5000.0,4400-5000 MHz,ÁLLANDÓHELYŰ / MOZGÓ / katonai részek,"fix/mobil rendszerek, speciális katonai célú használatok",N/E,UNKNOWN_GENERAL,-120,-45,-30,15,TRUE,TRUE,"location_id, measurement_device, antenna, rbw_hz, vbw_hz, detector, start_time, end_time, measured_noise_floor_dbm, measured_max_peak_dbm, operator_note",TEMPORARY_ESTIMATE_NOT_NMHH_LIMIT,Általános ideiglenes profil; helyszíni baseline kell.
NMHH_000061,NMHH_7_2015_2_melleklet_HU,2melleklet_hu.pdf,127,5150000000,5350000000,5150.0,5350.0,5150-5350 MHz,RLAN / rádiónavigáció / műholdas részek,"Wi-Fi 5 GHz alsó sáv, beltéri RLAN",P/PN,RLAN_ISM,-100,-25,-15,12,TRUE,TRUE,"location_id, measurement_device, antenna, rbw_hz, vbw_hz, detector, start_time, end_time, measured_noise_floor_dbm, measured_max_peak_dbm, operator_note",TEMPORARY_ESTIMATE_NOT_NMHH_LIMIT,RLAN/ISM: Wi-Fi/Bluetooth/egyéb rövid hatótávú eszközök miatt zajos lehet.
NMHH_000062,NMHH_7_2015_2_melleklet_HU,2melleklet_hu.pdf,128,5350000000,5470000000,5350.0,5470.0,5350-5470 MHz,RÁDIÓLOKÁCIÓ / MŰHOLDAS FÖLD-KUTATÁS,radar és passzív/aktív műholdas rendszerek; RLAN korlátozott/nem alap,E/P,RADAR,-115,-35,-20,15,TRUE,TRUE,"location_id, measurement_device, antenna, rbw_hz, vbw_hz, detector, start_time, end_time, measured_noise_floor_dbm, measured_max_peak_dbm, operator_note",TEMPORARY_ESTIMATE_NOT_NMHH_LIMIT,"Radar/rádiólokáció: impulzusos jelek, max peak fontosabb mint átlag."
NMHH_000063,NMHH_7_2015_2_melleklet_HU,2melleklet_hu.pdf,129,5470000000,5725000000,5470.0,5725.0,5470-5725 MHz,RLAN / RÁDIÓLOKÁCIÓ,"Wi-Fi 5 GHz DFS sáv, radar együttélés",P/E/PN,RLAN_ISM,-100,-25,-15,12,TRUE,TRUE,"location_id, measurement_device, antenna, rbw_hz, vbw_hz, detector, start_time, end_time, measured_noise_floor_dbm, measured_max_peak_dbm, operator_note",TEMPORARY_ESTIMATE_NOT_NMHH_LIMIT,RLAN/ISM: Wi-Fi/Bluetooth/egyéb rövid hatótávú eszközök miatt zajos lehet.
NMHH_000064,NMHH_7_2015_2_melleklet_HU,2melleklet_hu.pdf,130,5725000000,5875000000,5725.0,5875.0,5725-5875 MHz,ISM / SRD / RLAN / rádiólokáció,"5.8 GHz Wi-Fi, ISM, mikrohullámú linkek, radar/SRD",PN/P/E,RLAN_ISM,-100,-25,-15,12,TRUE,TRUE,"location_id, measurement_device, antenna, rbw_hz, vbw_hz, detector, start_time, end_time, measured_noise_floor_dbm, measured_max_peak_dbm, operator_note",TEMPORARY_ESTIMATE_NOT_NMHH_LIMIT,RLAN/ISM: Wi-Fi/Bluetooth/egyéb rövid hatótávú eszközök miatt zajos lehet.
NMHH_000065,NMHH_7_2015_2_melleklet_HU,2melleklet_hu.pdf,131,5875000000,5925000000,5875.0,5925.0,5875-5925 MHz,ITS / közlekedési alkalmazások,"C-ITS/ITS járműkommunikáció, speciális adások",P/PN,SRD_LOW_POWER,-115,-55,-40,12,TRUE,TRUE,"location_id, measurement_device, antenna, rbw_hz, vbw_hz, detector, start_time, end_time, measured_noise_floor_dbm, measured_max_peak_dbm, operator_note",TEMPORARY_ESTIMATE_NOT_NMHH_LIMIT,SRD/ kis teljesítményű eszközök: időszakos rövid jelek várhatók.
NMHH_000066,NMHH_7_2015_2_melleklet_HU,2melleklet_hu.pdf,132,5925000000,6425000000,5925.0,6425.0,5925-6425 MHz,ÁLLANDÓHELYŰ / MŰHOLDAS ÁLLANDÓHELYŰ / RLAN részek,"6 GHz RLAN/Wi-Fi 6E részek, fix és műholdas rendszerek",P/E,RLAN_ISM,-100,-25,-15,12,TRUE,TRUE,"location_id, measurement_device, antenna, rbw_hz, vbw_hz, detector, start_time, end_time, measured_noise_floor_dbm, measured_max_peak_dbm, operator_note",TEMPORARY_ESTIMATE_NOT_NMHH_LIMIT,RLAN/ISM: Wi-Fi/Bluetooth/egyéb rövid hatótávú eszközök miatt zajos lehet.
NMHH_000067,NMHH_7_2015_2_melleklet_HU,2melleklet_hu.pdf,134,6425000000,7125000000,6425.0,7125.0,6425-7125 MHz,ÁLLANDÓHELYŰ / MŰHOLDAS ÁLLANDÓHELYŰ,fix mikrohullámú és műholdas rendszerek; 6 GHz felső sáv helyszínfüggő,P/E,FIXED_MICROWAVE,-110,-40,-25,15,TRUE,TRUE,"location_id, measurement_device, antenna, rbw_hz, vbw_hz, detector, start_time, end_time, measured_noise_floor_dbm, measured_max_peak_dbm, operator_note",TEMPORARY_ESTIMATE_NOT_NMHH_LIMIT,Pont-pont/mikrohullámú rendszerek: irányított antennával helyszínfüggő.
NMHH_000068,NMHH_7_2015_2_melleklet_HU,2melleklet_hu.pdf,137,7250000000,7750000000,7250.0,7750.0,7250-7750 MHz,MŰHOLDAS / ÁLLANDÓHELYŰ / katonai részek,műholdas és fix mikrohullámú rendszerek,P/N/E,SATELLITE,-125,-55,-40,15,TRUE,TRUE,"location_id, measurement_device, antenna, rbw_hz, vbw_hz, detector, start_time, end_time, measured_noise_floor_dbm, measured_max_peak_dbm, operator_note",TEMPORARY_ESTIMATE_NOT_NMHH_LIMIT,Műholdas sáv: kültéri/irányított antennával értelmezhető jól.
NMHH_000069,NMHH_7_2015_2_melleklet_HU,2melleklet_hu.pdf,139,7750000000,7900000000,7750.0,7900.0,7750-7900 MHz,ÁLLANDÓHELYŰ / MŰHOLDAS METEOROLÓGIA / LÉGI RÁDIÓNAVIGÁCIÓ,"7 GHz rádió/TV híranyag-átvitel, műholdas meteorológia",P/N,FIXED_MICROWAVE,-110,-40,-25,15,TRUE,TRUE,"location_id, measurement_device, antenna, rbw_hz, vbw_hz, detector, start_time, end_time, measured_noise_floor_dbm, measured_max_peak_dbm, operator_note",TEMPORARY_ESTIMATE_NOT_NMHH_LIMIT,PDF snippet szerint 7 GHz-es analóg/digitális rádió- és televízióhíranyag-átviteli rendszerek. Pont-pont/mikrohullámú rendszerek: irányított antennával helyszínfüggő.
NMHH_000070,NMHH_7_2015_2_melleklet_HU,2melleklet_hu.pdf,140,7900000000,8500000000,7900.0,8500.0,7900-8500 MHz,MŰHOLDAS FÖLD-KUTATÁS / ŰRKUTATÁS / RÁDIÓLOKÁCIÓ,"műholdas, űrkutatás és radar jellegű rendszerek",P/E/N,SATELLITE,-125,-55,-40,15,TRUE,TRUE,"location_id, measurement_device, antenna, rbw_hz, vbw_hz, detector, start_time, end_time, measured_noise_floor_dbm, measured_max_peak_dbm, operator_note",TEMPORARY_ESTIMATE_NOT_NMHH_LIMIT,Műholdas sáv: kültéri/irányított antennával értelmezhető jól.
NMHH_000071,NMHH_7_2015_2_melleklet_HU,2melleklet_hu.pdf,142,8500000000,10000000000,8500.0,10000.0,8500-10000 MHz,RÁDIÓLOKÁCIÓ / ÁLLANDÓHELYŰ / műholdas részek,"radar, fix/mikrohullámú, űrkutatási rendszerek",E/N/P,RADAR,-115,-35,-20,15,TRUE,TRUE,"location_id, measurement_device, antenna, rbw_hz, vbw_hz, detector, start_time, end_time, measured_noise_floor_dbm, measured_max_peak_dbm, operator_note",TEMPORARY_ESTIMATE_NOT_NMHH_LIMIT,"Radar/rádiólokáció: impulzusos jelek, max peak fontosabb mint átlag."
NMHH_000072,NMHH_7_2015_2_melleklet_HU,2melleklet_hu.pdf,144,10000000000,10500000000,10000.0,10500.0,10.0-10.5 GHz,RÁDIÓLOKÁCIÓ / AMATŐR részek,"radar, 10 GHz amatőr/mikrohullámú kísérletek",E/P/N,RADAR,-115,-35,-20,15,TRUE,TRUE,"location_id, measurement_device, antenna, rbw_hz, vbw_hz, detector, start_time, end_time, measured_noise_floor_dbm, measured_max_peak_dbm, operator_note",TEMPORARY_ESTIMATE_NOT_NMHH_LIMIT,"Radar/rádiólokáció: impulzusos jelek, max peak fontosabb mint átlag."
NMHH_000073,NMHH_7_2015_2_melleklet_HU,2melleklet_hu.pdf,145,10500000000,10700000000,10500.0,10700.0,10.5-10.7 GHz,ÁLLANDÓHELYŰ,10 GHz-es fix pont-pont rendszerek,P/N/E,FIXED_MICROWAVE,-110,-40,-25,15,TRUE,TRUE,"location_id, measurement_device, antenna, rbw_hz, vbw_hz, detector, start_time, end_time, measured_noise_floor_dbm, measured_max_peak_dbm, operator_note",TEMPORARY_ESTIMATE_NOT_NMHH_LIMIT,Pont-pont/mikrohullámú rendszerek: irányított antennával helyszínfüggő.
NMHH_000074,NMHH_7_2015_2_melleklet_HU,2melleklet_hu.pdf,146,10700000000,12750000000,10700.0,12750.0,10.7-12.75 GHz,MŰHOLDAS ÁLLANDÓHELYŰ / MŰHOLDAS MŰSORSZÓRÁS,"műholdas downlink, VSAT, broadcast satellite",P/E,SATELLITE,-125,-55,-40,15,TRUE,TRUE,"location_id, measurement_device, antenna, rbw_hz, vbw_hz, detector, start_time, end_time, measured_noise_floor_dbm, measured_max_peak_dbm, operator_note",TEMPORARY_ESTIMATE_NOT_NMHH_LIMIT,Műholdas sáv: kültéri/irányított antennával értelmezhető jól.
NMHH_000075,NMHH_7_2015_2_melleklet_HU,2melleklet_hu.pdf,147,13750000000,14500000000,13750.0,14500.0,13.75-14.5 GHz,MŰHOLDAS ÁLLANDÓHELYŰ / RÁDIÓLOKÁCIÓ részek,"műholdas uplink, radar/űrkutatás részek",P/E/N,SATELLITE,-125,-55,-40,15,TRUE,TRUE,"location_id, measurement_device, antenna, rbw_hz, vbw_hz, detector, start_time, end_time, measured_noise_floor_dbm, measured_max_peak_dbm, operator_note",TEMPORARY_ESTIMATE_NOT_NMHH_LIMIT,Műholdas sáv: kültéri/irányított antennával értelmezhető jól.
NMHH_000076,NMHH_7_2015_2_melleklet_HU,2melleklet_hu.pdf,149,17700000000,19700000000,17700.0,19700.0,17.7-19.7 GHz,ÁLLANDÓHELYŰ / MŰHOLDAS ÁLLANDÓHELYŰ,18 GHz fix mikrohullámú és műholdas rendszerek,P/E/N,FIXED_MICROWAVE,-110,-40,-25,15,TRUE,TRUE,"location_id, measurement_device, antenna, rbw_hz, vbw_hz, detector, start_time, end_time, measured_noise_floor_dbm, measured_max_peak_dbm, operator_note",TEMPORARY_ESTIMATE_NOT_NMHH_LIMIT,Pont-pont/mikrohullámú rendszerek: irányított antennával helyszínfüggő.
NMHH_000077,NMHH_7_2015_2_melleklet_HU,2melleklet_hu.pdf,150,21200000000,23600000000,21200.0,23600.0,21.2-23.6 GHz,ÁLLANDÓHELYŰ / MŰHOLDAS ÁLLANDÓHELYŰ,23 GHz pont-pont/mikrohullámú rendszerek,P/N/E,FIXED_MICROWAVE,-110,-40,-25,15,TRUE,TRUE,"location_id, measurement_device, antenna, rbw_hz, vbw_hz, detector, start_time, end_time, measured_noise_floor_dbm, measured_max_peak_dbm, operator_note",TEMPORARY_ESTIMATE_NOT_NMHH_LIMIT,Pont-pont/mikrohullámú rendszerek: irányított antennával helyszínfüggő.
NMHH_000078,NMHH_7_2015_2_melleklet_HU,2melleklet_hu.pdf,151,23600000000,24000000000,23600.0,24000.0,23.6-24.0 GHz,MŰHOLDAS FÖLD-KUTATÁS (passzív) / RÁDIÓCSILLAGÁSZAT / ŰRKUTATÁS,"passzív műholdas Föld-kutatás, rádiócsillagászat, passzív űrkutatás",P/PN,QUIET_PASSIVE,-130,-95,-85,10,TRUE,TRUE,"location_id, measurement_device, antenna, rbw_hz, vbw_hz, detector, start_time, end_time, measured_noise_floor_dbm, measured_max_peak_dbm, operator_note",TEMPORARY_ESTIMATE_NOT_NMHH_LIMIT,"PDF snippet szerint védett/passzív használatok; erős jel különösen gyanús lehet. Védett/passzív sáv: helyszíni baseline kötelező, erős jel gyanús."
